cfs Mean,hcbs Mean,cfs Median,hcbs Median,cfs Std Dev,hcbs Std Dev,T-test p-value,Mann-Whitney U p-value
0.06864545584688281,0.06453562933507588,0.0834918022155761,0.0814368724822998,0.02949467918616749,0.03020628743780964,8.852604890420966e-104,6.912822142403212e-54
