cfs Mean,hcbs Mean,cfs Median,hcbs Median,cfs Std Dev,hcbs Std Dev,T-test p-value,Mann-Whitney U p-value
0.06855415311485828,0.06505944118114429,0.08347928524017326,0.08144199848175045,0.029479397160009645,0.03529964426263219,4.9890989998212766e-64,3.8599643040139074e-27
