cfs Mean,hcbs Mean,cfs Median,hcbs Median,cfs Std Dev,hcbs Std Dev,T-test p-value,Mann-Whitney U p-value
0.0690754606507041,0.06857423412920247,0.08189094066619865,0.08203017711639399,0.029164893710150634,0.029714736167219178,0.00740036385469167,3.7998978576676544e-32
