cfs Mean,hcbs Mean,cfs Median,hcbs Median,cfs Std Dev,hcbs Std Dev,T-test p-value,Mann-Whitney U p-value
0.06506741308925124,0.06857423412920247,0.0800724029541015,0.08203017711639399,0.0316808813585339,0.029714736167219178,4.988621580238786e-72,0.0
